<?xml version="1.0" encoding="ISO-8859-1" ?>
<link_info>
   <banner>TI ARM Linker PC v18.12.4.LTS</banner>
   <copyright>Copyright (c) 1996-2018 Texas Instruments Incorporated</copyright>
   <link_time>0x5e580b92</link_time>
   <link_errors>0x0</link_errors>
   <output_file>Tiva_C Drivers.out</output_file>
   <entry_point>
      <name>_c_int00_noargs</name>
      <address>0x869</address>
   </entry_point>
   <input_file_list>
      <input_file id="fl-2">
         <path>.\</path>
         <kind>object</kind>
         <file>GPIO_prog.obj</file>
         <name>GPIO_prog.obj</name>
      </input_file>
      <input_file id="fl-3">
         <path>.\</path>
         <kind>object</kind>
         <file>delay.obj</file>
         <name>delay.obj</name>
      </input_file>
      <input_file id="fl-4">
         <path>.\</path>
         <kind>object</kind>
         <file>main.obj</file>
         <name>main.obj</name>
      </input_file>
      <input_file id="fl-5">
         <path>.\</path>
         <kind>object</kind>
         <file>tm4c123gh6pm_startup_ccs.obj</file>
         <name>tm4c123gh6pm_startup_ccs.obj</name>
      </input_file>
      <input_file id="fl-9">
         <kind>object</kind>
         <file>&lt;internal&gt;</file>
         <name>&lt;internal&gt;</name>
      </input_file>
      <input_file id="fl-bf">
         <path>D:\CodeComposer\ccs\tools\compiler\ti-cgt-arm_18.12.4.LTS\lib\</path>
         <kind>archive</kind>
         <file>rtsv7M4_T_le_v4SPD16_eabi.lib</file>
         <name>fd_add_t2.asm.obj</name>
      </input_file>
      <input_file id="fl-c0">
         <path>D:\CodeComposer\ccs\tools\compiler\ti-cgt-arm_18.12.4.LTS\lib\</path>
         <kind>archive</kind>
         <file>rtsv7M4_T_le_v4SPD16_eabi.lib</file>
         <name>fd_cmp_t2.asm.obj</name>
      </input_file>
      <input_file id="fl-c1">
         <path>D:\CodeComposer\ccs\tools\compiler\ti-cgt-arm_18.12.4.LTS\lib\</path>
         <kind>archive</kind>
         <file>rtsv7M4_T_le_v4SPD16_eabi.lib</file>
         <name>i_tofd_t2.asm.obj</name>
      </input_file>
      <input_file id="fl-c2">
         <path>D:\CodeComposer\ccs\tools\compiler\ti-cgt-arm_18.12.4.LTS\lib\</path>
         <kind>archive</kind>
         <file>rtsv7M4_T_le_v4SPD16_eabi.lib</file>
         <name>u_tofd_t2.asm.obj</name>
      </input_file>
      <input_file id="fl-c3">
         <path>D:\CodeComposer\ccs\tools\compiler\ti-cgt-arm_18.12.4.LTS\lib\</path>
         <kind>archive</kind>
         <file>rtsv7M4_T_le_v4SPD16_eabi.lib</file>
         <name>copy_zero_init.c.obj</name>
      </input_file>
      <input_file id="fl-c4">
         <path>D:\CodeComposer\ccs\tools\compiler\ti-cgt-arm_18.12.4.LTS\lib\</path>
         <kind>archive</kind>
         <file>rtsv7M4_T_le_v4SPD16_eabi.lib</file>
         <name>copy_decompress_none.c.obj</name>
      </input_file>
      <input_file id="fl-c5">
         <path>D:\CodeComposer\ccs\tools\compiler\ti-cgt-arm_18.12.4.LTS\lib\</path>
         <kind>archive</kind>
         <file>rtsv7M4_T_le_v4SPD16_eabi.lib</file>
         <name>copy_decompress_lzss.c.obj</name>
      </input_file>
      <input_file id="fl-c6">
         <path>D:\CodeComposer\ccs\tools\compiler\ti-cgt-arm_18.12.4.LTS\lib\</path>
         <kind>archive</kind>
         <file>rtsv7M4_T_le_v4SPD16_eabi.lib</file>
         <name>boot_cortex_m.c.obj</name>
      </input_file>
      <input_file id="fl-c7">
         <path>D:\CodeComposer\ccs\tools\compiler\ti-cgt-arm_18.12.4.LTS\lib\</path>
         <kind>archive</kind>
         <file>rtsv7M4_T_le_v4SPD16_eabi.lib</file>
         <name>memcpy_t2.asm.obj</name>
      </input_file>
      <input_file id="fl-c8">
         <path>D:\CodeComposer\ccs\tools\compiler\ti-cgt-arm_18.12.4.LTS\lib\</path>
         <kind>archive</kind>
         <file>rtsv7M4_T_le_v4SPD16_eabi.lib</file>
         <name>memset_t2.asm.obj</name>
      </input_file>
      <input_file id="fl-c9">
         <path>D:\CodeComposer\ccs\tools\compiler\ti-cgt-arm_18.12.4.LTS\lib\</path>
         <kind>archive</kind>
         <file>rtsv7M4_T_le_v4SPD16_eabi.lib</file>
         <name>autoinit.c.obj</name>
      </input_file>
      <input_file id="fl-ca">
         <path>D:\CodeComposer\ccs\tools\compiler\ti-cgt-arm_18.12.4.LTS\lib\</path>
         <kind>archive</kind>
         <file>rtsv7M4_T_le_v4SPD16_eabi.lib</file>
         <name>pre_init.c.obj</name>
      </input_file>
      <input_file id="fl-cb">
         <path>D:\CodeComposer\ccs\tools\compiler\ti-cgt-arm_18.12.4.LTS\lib\</path>
         <kind>archive</kind>
         <file>rtsv7M4_T_le_v4SPD16_eabi.lib</file>
         <name>cpy_tbl.c.obj</name>
      </input_file>
      <input_file id="fl-cc">
         <path>D:\CodeComposer\ccs\tools\compiler\ti-cgt-arm_18.12.4.LTS\lib\</path>
         <kind>archive</kind>
         <file>rtsv7M4_T_le_v4SPD16_eabi.lib</file>
         <name>exit.c.obj</name>
      </input_file>
      <input_file id="fl-cd">
         <path>D:\CodeComposer\ccs\tools\compiler\ti-cgt-arm_18.12.4.LTS\lib\</path>
         <kind>archive</kind>
         <file>rtsv7M4_T_le_v4SPD16_eabi.lib</file>
         <name>_lock.c.obj</name>
      </input_file>
      <input_file id="fl-ce">
         <path>D:\CodeComposer\ccs\tools\compiler\ti-cgt-arm_18.12.4.LTS\lib\</path>
         <kind>archive</kind>
         <file>rtsv7M4_T_le_v4SPD16_eabi.lib</file>
         <name>args_main.c.obj</name>
      </input_file>
   </input_file_list>
   <object_component_list>
      <object_component id="oc-f">
         <name>.intvecs</name>
         <load_address>0x0</load_address>
         <run_address>0x0</run_address>
         <size>0x26c</size>
         <input_file_ref idref="fl-5"/>
      </object_component>
      <object_component id="oc-71">
         <name>.text</name>
         <load_address>0x26c</load_address>
         <run_address>0x26c</run_address>
         <size>0x39c</size>
         <input_file_ref idref="fl-2"/>
      </object_component>
      <object_component id="oc-2a">
         <name>.text</name>
         <load_address>0x608</load_address>
         <run_address>0x608</run_address>
         <size>0x118</size>
         <input_file_ref idref="fl-4"/>
      </object_component>
      <object_component id="oc-3e">
         <name>.text</name>
         <load_address>0x720</load_address>
         <run_address>0x720</run_address>
         <size>0x9c</size>
         <input_file_ref idref="fl-c7"/>
      </object_component>
      <object_component id="oc-12">
         <name>.text:decompress:lzss:__TI_decompress_lzss</name>
         <load_address>0x7bc</load_address>
         <run_address>0x7bc</run_address>
         <size>0x68</size>
         <input_file_ref idref="fl-c5"/>
      </object_component>
      <object_component id="oc-e1">
         <name>.text:__TI_auto_init_nobinit_nopinit:__TI_auto_init_nobinit_nopinit</name>
         <load_address>0x824</load_address>
         <run_address>0x824</run_address>
         <size>0x44</size>
         <input_file_ref idref="fl-c9"/>
      </object_component>
      <object_component id="oc-5c">
         <name>.text:_c_int00_noargs:_c_int00_noargs</name>
         <load_address>0x868</load_address>
         <run_address>0x868</run_address>
         <size>0x34</size>
         <input_file_ref idref="fl-c6"/>
      </object_component>
      <object_component id="oc-4a">
         <name>.text:decompress:ZI:__TI_zero_init_nomemset:__TI_zero_init_nomemset</name>
         <load_address>0x89c</load_address>
         <run_address>0x89c</run_address>
         <size>0x1c</size>
         <input_file_ref idref="fl-c3"/>
      </object_component>
      <object_component id="oc-18">
         <name>.text:decompress:none:__TI_decompress_none</name>
         <load_address>0x8b8</load_address>
         <run_address>0x8b8</run_address>
         <size>0xe</size>
         <input_file_ref idref="fl-c4"/>
      </object_component>
      <object_component id="oc-24">
         <name>.text</name>
         <load_address>0x8c6</load_address>
         <run_address>0x8c6</run_address>
         <size>0xc</size>
         <input_file_ref idref="fl-5"/>
      </object_component>
      <object_component id="oc-9f">
         <name>.text:_system_pre_init</name>
         <load_address>0x8d2</load_address>
         <run_address>0x8d2</run_address>
         <size>0x4</size>
         <input_file_ref idref="fl-ca"/>
      </object_component>
      <object_component id="oc-d5">
         <name>.text:abort:abort</name>
         <load_address>0x8d6</load_address>
         <run_address>0x8d6</run_address>
         <size>0x4</size>
         <input_file_ref idref="fl-cc"/>
      </object_component>
      <object_component id="oc-192">
         <name>.cinit..data.load</name>
         <load_address>0x8e0</load_address>
         <run_address>0x8e0</run_address>
         <size>0x2b</size>
      </object_component>
      <object_component id="oc-190">
         <name>__TI_handler_table</name>
         <load_address>0x90c</load_address>
         <run_address>0x90c</run_address>
         <size>0xc</size>
      </object_component>
      <object_component id="oc-193">
         <name>.cinit..bss.load</name>
         <load_address>0x918</load_address>
         <run_address>0x918</run_address>
         <size>0x8</size>
      </object_component>
      <object_component id="oc-191">
         <name>__TI_cinit_table</name>
         <load_address>0x920</load_address>
         <run_address>0x920</run_address>
         <size>0x10</size>
      </object_component>
      <object_component id="oc-b4">
         <name>.data:PORT_APB</name>
         <load_address>0x20000218</load_address>
         <run_address>0x20000218</run_address>
         <size>0x18</size>
         <input_file_ref idref="fl-2"/>
      </object_component>
      <object_component id="oc-b7">
         <name>.data:PORT_AHB</name>
         <load_address>0x20000200</load_address>
         <run_address>0x20000200</run_address>
         <size>0x18</size>
         <input_file_ref idref="fl-2"/>
      </object_component>
      <object_component id="oc-b1">
         <name>.common:bus</name>
         <uninitialized>true</uninitialized>
         <run_address>0x20000230</run_address>
         <size>0x4</size>
      </object_component>
      <object_component id="oc-21">
         <name>.stack</name>
         <uninitialized>true</uninitialized>
         <run_address>0x20000000</run_address>
         <size>0x4</size>
         <input_file_ref idref="fl-c6"/>
      </object_component>
      <object_component id="oc-194">
         <name>.stack</name>
         <uninitialized>true</uninitialized>
         <run_address>0x20000000</run_address>
         <size>0x0</size>
      </object_component>
      <object_component id="oc-b2">
         <name>.debug_info</name>
         <load_address>0x0</load_address>
         <run_address>0x0</run_address>
         <size>0x285</size>
         <input_file_ref idref="fl-2"/>
      </object_component>
      <object_component id="oc-b5">
         <name>.debug_info</name>
         <load_address>0x285</load_address>
         <run_address>0x285</run_address>
         <size>0xdc</size>
         <input_file_ref idref="fl-2"/>
      </object_component>
      <object_component id="oc-b8">
         <name>.debug_info</name>
         <load_address>0x361</load_address>
         <run_address>0x361</run_address>
         <size>0xdc</size>
         <input_file_ref idref="fl-2"/>
      </object_component>
      <object_component id="oc-72">
         <name>.debug_info</name>
         <load_address>0x43d</load_address>
         <run_address>0x43d</run_address>
         <size>0x98a</size>
         <input_file_ref idref="fl-2"/>
      </object_component>
      <object_component id="oc-bb">
         <name>.debug_info</name>
         <load_address>0xdc7</load_address>
         <run_address>0xdc7</run_address>
         <size>0x188</size>
         <input_file_ref idref="fl-2"/>
      </object_component>
      <object_component id="oc-39">
         <name>.debug_info</name>
         <load_address>0xf4f</load_address>
         <run_address>0xf4f</run_address>
         <size>0x84</size>
         <input_file_ref idref="fl-2"/>
      </object_component>
      <object_component id="oc-2b">
         <name>.debug_info</name>
         <load_address>0xfd3</load_address>
         <run_address>0xfd3</run_address>
         <size>0x282</size>
         <input_file_ref idref="fl-4"/>
      </object_component>
      <object_component id="oc-32">
         <name>.debug_info</name>
         <load_address>0x1255</load_address>
         <run_address>0x1255</run_address>
         <size>0x2ce</size>
         <input_file_ref idref="fl-5"/>
      </object_component>
      <object_component id="oc-10">
         <name>.debug_info</name>
         <load_address>0x1523</load_address>
         <run_address>0x1523</run_address>
         <size>0xf3</size>
         <input_file_ref idref="fl-5"/>
      </object_component>
      <object_component id="oc-25">
         <name>.debug_info</name>
         <load_address>0x1616</load_address>
         <run_address>0x1616</run_address>
         <size>0x26f</size>
         <input_file_ref idref="fl-5"/>
      </object_component>
      <object_component id="oc-7a">
         <name>.debug_info</name>
         <load_address>0x1885</load_address>
         <run_address>0x1885</run_address>
         <size>0x26b</size>
         <input_file_ref idref="fl-5"/>
      </object_component>
      <object_component id="oc-c0">
         <name>.debug_info</name>
         <load_address>0x1af0</load_address>
         <run_address>0x1af0</run_address>
         <size>0x297</size>
         <input_file_ref idref="fl-5"/>
      </object_component>
      <object_component id="oc-7f">
         <name>.debug_info</name>
         <load_address>0x1d87</load_address>
         <run_address>0x1d87</run_address>
         <size>0xbb</size>
         <input_file_ref idref="fl-5"/>
      </object_component>
      <object_component id="oc-98">
         <name>.debug_info</name>
         <load_address>0x1e42</load_address>
         <run_address>0x1e42</run_address>
         <size>0x2d3</size>
         <input_file_ref idref="fl-c3"/>
      </object_component>
      <object_component id="oc-4b">
         <name>.debug_info</name>
         <load_address>0x2115</load_address>
         <run_address>0x2115</run_address>
         <size>0x1d1</size>
         <input_file_ref idref="fl-c3"/>
      </object_component>
      <object_component id="oc-93">
         <name>.debug_info</name>
         <load_address>0x22e6</load_address>
         <run_address>0x22e6</run_address>
         <size>0x46</size>
         <input_file_ref idref="fl-c3"/>
      </object_component>
      <object_component id="oc-cc">
         <name>.debug_info</name>
         <load_address>0x232c</load_address>
         <run_address>0x232c</run_address>
         <size>0x2c</size>
         <input_file_ref idref="fl-c3"/>
      </object_component>
      <object_component id="oc-49">
         <name>.debug_info</name>
         <load_address>0x2358</load_address>
         <run_address>0x2358</run_address>
         <size>0x2a7</size>
         <input_file_ref idref="fl-c4"/>
      </object_component>
      <object_component id="oc-19">
         <name>.debug_info</name>
         <load_address>0x25ff</load_address>
         <run_address>0x25ff</run_address>
         <size>0x1e9</size>
         <input_file_ref idref="fl-c4"/>
      </object_component>
      <object_component id="oc-44">
         <name>.debug_info</name>
         <load_address>0x27e8</load_address>
         <run_address>0x27e8</run_address>
         <size>0x46</size>
         <input_file_ref idref="fl-c4"/>
      </object_component>
      <object_component id="oc-8b">
         <name>.debug_info</name>
         <load_address>0x282e</load_address>
         <run_address>0x282e</run_address>
         <size>0x2c</size>
         <input_file_ref idref="fl-c4"/>
      </object_component>
      <object_component id="oc-89">
         <name>.debug_info</name>
         <load_address>0x285a</load_address>
         <run_address>0x285a</run_address>
         <size>0x29d</size>
         <input_file_ref idref="fl-c5"/>
      </object_component>
      <object_component id="oc-13">
         <name>.debug_info</name>
         <load_address>0x2af7</load_address>
         <run_address>0x2af7</run_address>
         <size>0x24f</size>
         <input_file_ref idref="fl-c5"/>
      </object_component>
      <object_component id="oc-34">
         <name>.debug_info</name>
         <load_address>0x2d46</load_address>
         <run_address>0x2d46</run_address>
         <size>0x60</size>
         <input_file_ref idref="fl-c5"/>
      </object_component>
      <object_component id="oc-c5">
         <name>.debug_info</name>
         <load_address>0x2da6</load_address>
         <run_address>0x2da6</run_address>
         <size>0x46</size>
         <input_file_ref idref="fl-c5"/>
      </object_component>
      <object_component id="oc-84">
         <name>.debug_info</name>
         <load_address>0x2dec</load_address>
         <run_address>0x2dec</run_address>
         <size>0x39</size>
         <input_file_ref idref="fl-c5"/>
      </object_component>
      <object_component id="oc-22">
         <name>.debug_info</name>
         <load_address>0x2e25</load_address>
         <run_address>0x2e25</run_address>
         <size>0x10a</size>
         <input_file_ref idref="fl-c6"/>
      </object_component>
      <object_component id="oc-5d">
         <name>.debug_info</name>
         <load_address>0x2f2f</load_address>
         <run_address>0x2f2f</run_address>
         <size>0x1a8</size>
         <input_file_ref idref="fl-c6"/>
      </object_component>
      <object_component id="oc-3f">
         <name>.debug_info</name>
         <load_address>0x30d7</load_address>
         <run_address>0x30d7</run_address>
         <size>0x118</size>
         <input_file_ref idref="fl-c7"/>
      </object_component>
      <object_component id="oc-124">
         <name>.debug_info</name>
         <load_address>0x31ef</load_address>
         <run_address>0x31ef</run_address>
         <size>0x4b2</size>
         <input_file_ref idref="fl-c9"/>
      </object_component>
      <object_component id="oc-e2">
         <name>.debug_info</name>
         <load_address>0x36a1</load_address>
         <run_address>0x36a1</run_address>
         <size>0x1a5</size>
         <input_file_ref idref="fl-c9"/>
      </object_component>
      <object_component id="oc-149">
         <name>.debug_info</name>
         <load_address>0x3846</load_address>
         <run_address>0x3846</run_address>
         <size>0x39</size>
         <input_file_ref idref="fl-c9"/>
      </object_component>
      <object_component id="oc-15d">
         <name>.debug_info</name>
         <load_address>0x387f</load_address>
         <run_address>0x387f</run_address>
         <size>0x39</size>
         <input_file_ref idref="fl-c9"/>
      </object_component>
      <object_component id="oc-14e">
         <name>.debug_info</name>
         <load_address>0x38b8</load_address>
         <run_address>0x38b8</run_address>
         <size>0x39</size>
         <input_file_ref idref="fl-c9"/>
      </object_component>
      <object_component id="oc-153">
         <name>.debug_info</name>
         <load_address>0x38f1</load_address>
         <run_address>0x38f1</run_address>
         <size>0xcd</size>
         <input_file_ref idref="fl-c9"/>
      </object_component>
      <object_component id="oc-a0">
         <name>.debug_info</name>
         <load_address>0x39be</load_address>
         <run_address>0x39be</run_address>
         <size>0x152</size>
         <input_file_ref idref="fl-ca"/>
      </object_component>
      <object_component id="oc-d6">
         <name>.debug_info</name>
         <load_address>0x3b10</load_address>
         <run_address>0x3b10</run_address>
         <size>0x121</size>
         <input_file_ref idref="fl-cc"/>
      </object_component>
      <object_component id="oc-195">
         <name>.debug_info</name>
         <load_address>0x3c31</load_address>
         <run_address>0x3c31</run_address>
         <size>0xa6</size>
      </object_component>
      <object_component id="oc-114">
         <name>.debug_line</name>
         <load_address>0x0</load_address>
         <run_address>0x0</run_address>
         <size>0x32</size>
         <input_file_ref idref="fl-2"/>
      </object_component>
      <object_component id="oc-116">
         <name>.debug_line</name>
         <load_address>0x32</load_address>
         <run_address>0x32</run_address>
         <size>0x32</size>
         <input_file_ref idref="fl-2"/>
      </object_component>
      <object_component id="oc-118">
         <name>.debug_line</name>
         <load_address>0x64</load_address>
         <run_address>0x64</run_address>
         <size>0x32</size>
         <input_file_ref idref="fl-2"/>
      </object_component>
      <object_component id="oc-75">
         <name>.debug_line</name>
         <load_address>0x96</load_address>
         <run_address>0x96</run_address>
         <size>0x169</size>
         <input_file_ref idref="fl-2"/>
      </object_component>
      <object_component id="oc-be">
         <name>.debug_line</name>
         <load_address>0x1ff</load_address>
         <run_address>0x1ff</run_address>
         <size>0x31</size>
         <input_file_ref idref="fl-2"/>
      </object_component>
      <object_component id="oc-3c">
         <name>.debug_line</name>
         <load_address>0x230</load_address>
         <run_address>0x230</run_address>
         <size>0x20</size>
         <input_file_ref idref="fl-2"/>
      </object_component>
      <object_component id="oc-2e">
         <name>.debug_line</name>
         <load_address>0x250</load_address>
         <run_address>0x250</run_address>
         <size>0x7b</size>
         <input_file_ref idref="fl-4"/>
      </object_component>
      <object_component id="oc-79">
         <name>.debug_line</name>
         <load_address>0x2cb</load_address>
         <run_address>0x2cb</run_address>
         <size>0x41</size>
         <input_file_ref idref="fl-5"/>
      </object_component>
      <object_component id="oc-31">
         <name>.debug_line</name>
         <load_address>0x30c</load_address>
         <run_address>0x30c</run_address>
         <size>0x41</size>
         <input_file_ref idref="fl-5"/>
      </object_component>
      <object_component id="oc-28">
         <name>.debug_line</name>
         <load_address>0x34d</load_address>
         <run_address>0x34d</run_address>
         <size>0xa1</size>
         <input_file_ref idref="fl-5"/>
      </object_component>
      <object_component id="oc-7d">
         <name>.debug_line</name>
         <load_address>0x3ee</load_address>
         <run_address>0x3ee</run_address>
         <size>0x72</size>
         <input_file_ref idref="fl-5"/>
      </object_component>
      <object_component id="oc-c3">
         <name>.debug_line</name>
         <load_address>0x460</load_address>
         <run_address>0x460</run_address>
         <size>0x76</size>
         <input_file_ref idref="fl-5"/>
      </object_component>
      <object_component id="oc-82">
         <name>.debug_line</name>
         <load_address>0x4d6</load_address>
         <run_address>0x4d6</run_address>
         <size>0x73</size>
         <input_file_ref idref="fl-5"/>
      </object_component>
      <object_component id="oc-d2">
         <name>.debug_line</name>
         <load_address>0x549</load_address>
         <run_address>0x549</run_address>
         <size>0x90</size>
         <input_file_ref idref="fl-c3"/>
      </object_component>
      <object_component id="oc-4e">
         <name>.debug_line</name>
         <load_address>0x5d9</load_address>
         <run_address>0x5d9</run_address>
         <size>0x56</size>
         <input_file_ref idref="fl-c3"/>
      </object_component>
      <object_component id="oc-96">
         <name>.debug_line</name>
         <load_address>0x62f</load_address>
         <run_address>0x62f</run_address>
         <size>0x34</size>
         <input_file_ref idref="fl-c3"/>
      </object_component>
      <object_component id="oc-cf">
         <name>.debug_line</name>
         <load_address>0x663</load_address>
         <run_address>0x663</run_address>
         <size>0x90</size>
         <input_file_ref idref="fl-c3"/>
      </object_component>
      <object_component id="oc-91">
         <name>.debug_line</name>
         <load_address>0x6f3</load_address>
         <run_address>0x6f3</run_address>
         <size>0x20</size>
         <input_file_ref idref="fl-c4"/>
      </object_component>
      <object_component id="oc-1c">
         <name>.debug_line</name>
         <load_address>0x713</load_address>
         <run_address>0x713</run_address>
         <size>0x55</size>
         <input_file_ref idref="fl-c4"/>
      </object_component>
      <object_component id="oc-47">
         <name>.debug_line</name>
         <load_address>0x768</load_address>
         <run_address>0x768</run_address>
         <size>0x3a</size>
         <input_file_ref idref="fl-c4"/>
      </object_component>
      <object_component id="oc-8e">
         <name>.debug_line</name>
         <load_address>0x7a2</load_address>
         <run_address>0x7a2</run_address>
         <size>0x90</size>
         <input_file_ref idref="fl-c4"/>
      </object_component>
      <object_component id="oc-cb">
         <name>.debug_line</name>
         <load_address>0x832</load_address>
         <run_address>0x832</run_address>
         <size>0x20</size>
         <input_file_ref idref="fl-c5"/>
      </object_component>
      <object_component id="oc-16">
         <name>.debug_line</name>
         <load_address>0x852</load_address>
         <run_address>0x852</run_address>
         <size>0xa9</size>
         <input_file_ref idref="fl-c5"/>
      </object_component>
      <object_component id="oc-37">
         <name>.debug_line</name>
         <load_address>0x8fb</load_address>
         <run_address>0x8fb</run_address>
         <size>0x3a</size>
         <input_file_ref idref="fl-c5"/>
      </object_component>
      <object_component id="oc-c8">
         <name>.debug_line</name>
         <load_address>0x935</load_address>
         <run_address>0x935</run_address>
         <size>0x98</size>
         <input_file_ref idref="fl-c5"/>
      </object_component>
      <object_component id="oc-87">
         <name>.debug_line</name>
         <load_address>0x9cd</load_address>
         <run_address>0x9cd</run_address>
         <size>0x94</size>
         <input_file_ref idref="fl-c5"/>
      </object_component>
      <object_component id="oc-6f">
         <name>.debug_line</name>
         <load_address>0xa61</load_address>
         <run_address>0xa61</run_address>
         <size>0x33</size>
         <input_file_ref idref="fl-c6"/>
      </object_component>
      <object_component id="oc-60">
         <name>.debug_line</name>
         <load_address>0xa94</load_address>
         <run_address>0xa94</run_address>
         <size>0x45</size>
         <input_file_ref idref="fl-c6"/>
      </object_component>
      <object_component id="oc-42">
         <name>.debug_line</name>
         <load_address>0xad9</load_address>
         <run_address>0xad9</run_address>
         <size>0x88</size>
         <input_file_ref idref="fl-c7"/>
      </object_component>
      <object_component id="oc-148">
         <name>.debug_line</name>
         <load_address>0xb61</load_address>
         <run_address>0xb61</run_address>
         <size>0xbd</size>
         <input_file_ref idref="fl-c9"/>
      </object_component>
      <object_component id="oc-e5">
         <name>.debug_line</name>
         <load_address>0xc1e</load_address>
         <run_address>0xc1e</run_address>
         <size>0x6f</size>
         <input_file_ref idref="fl-c9"/>
      </object_component>
      <object_component id="oc-14c">
         <name>.debug_line</name>
         <load_address>0xc8d</load_address>
         <run_address>0xc8d</run_address>
         <size>0x2e</size>
         <input_file_ref idref="fl-c9"/>
      </object_component>
      <object_component id="oc-160">
         <name>.debug_line</name>
         <load_address>0xcbb</load_address>
         <run_address>0xcbb</run_address>
         <size>0x98</size>
         <input_file_ref idref="fl-c9"/>
      </object_component>
      <object_component id="oc-151">
         <name>.debug_line</name>
         <load_address>0xd53</load_address>
         <run_address>0xd53</run_address>
         <size>0x95</size>
         <input_file_ref idref="fl-c9"/>
      </object_component>
      <object_component id="oc-156">
         <name>.debug_line</name>
         <load_address>0xde8</load_address>
         <run_address>0xde8</run_address>
         <size>0x91</size>
         <input_file_ref idref="fl-c9"/>
      </object_component>
      <object_component id="oc-a3">
         <name>.debug_line</name>
         <load_address>0xe79</load_address>
         <run_address>0xe79</run_address>
         <size>0x40</size>
         <input_file_ref idref="fl-ca"/>
      </object_component>
      <object_component id="oc-da">
         <name>.debug_line</name>
         <load_address>0xeb9</load_address>
         <run_address>0xeb9</run_address>
         <size>0x3c</size>
         <input_file_ref idref="fl-cc"/>
      </object_component>
      <object_component id="oc-76">
         <name>.debug_frame</name>
         <load_address>0x0</load_address>
         <run_address>0x0</run_address>
         <size>0x174</size>
         <input_file_ref idref="fl-2"/>
      </object_component>
      <object_component id="oc-2f">
         <name>.debug_frame</name>
         <load_address>0x174</load_address>
         <run_address>0x174</run_address>
         <size>0x74</size>
         <input_file_ref idref="fl-4"/>
      </object_component>
      <object_component id="oc-29">
         <name>.debug_frame</name>
         <load_address>0x1e8</load_address>
         <run_address>0x1e8</run_address>
         <size>0x90</size>
         <input_file_ref idref="fl-5"/>
      </object_component>
      <object_component id="oc-4f">
         <name>.debug_frame</name>
         <load_address>0x278</load_address>
         <run_address>0x278</run_address>
         <size>0x54</size>
         <input_file_ref idref="fl-c3"/>
      </object_component>
      <object_component id="oc-1d">
         <name>.debug_frame</name>
         <load_address>0x2cc</load_address>
         <run_address>0x2cc</run_address>
         <size>0x54</size>
         <input_file_ref idref="fl-c4"/>
      </object_component>
      <object_component id="oc-17">
         <name>.debug_frame</name>
         <load_address>0x320</load_address>
         <run_address>0x320</run_address>
         <size>0x60</size>
         <input_file_ref idref="fl-c5"/>
      </object_component>
      <object_component id="oc-61">
         <name>.debug_frame</name>
         <load_address>0x380</load_address>
         <run_address>0x380</run_address>
         <size>0x50</size>
         <input_file_ref idref="fl-c6"/>
      </object_component>
      <object_component id="oc-e6">
         <name>.debug_frame</name>
         <load_address>0x3d0</load_address>
         <run_address>0x3d0</run_address>
         <size>0x5c</size>
         <input_file_ref idref="fl-c9"/>
      </object_component>
      <object_component id="oc-a4">
         <name>.debug_frame</name>
         <load_address>0x42c</load_address>
         <run_address>0x42c</run_address>
         <size>0x54</size>
         <input_file_ref idref="fl-ca"/>
      </object_component>
      <object_component id="oc-d9">
         <name>.debug_frame</name>
         <load_address>0x480</load_address>
         <run_address>0x480</run_address>
         <size>0x54</size>
         <input_file_ref idref="fl-cc"/>
      </object_component>
      <object_component id="oc-113">
         <name>.debug_abbrev</name>
         <load_address>0x0</load_address>
         <run_address>0x0</run_address>
         <size>0x58</size>
         <input_file_ref idref="fl-2"/>
      </object_component>
      <object_component id="oc-115">
         <name>.debug_abbrev</name>
         <load_address>0x58</load_address>
         <run_address>0x58</run_address>
         <size>0x29</size>
         <input_file_ref idref="fl-2"/>
      </object_component>
      <object_component id="oc-117">
         <name>.debug_abbrev</name>
         <load_address>0x81</load_address>
         <run_address>0x81</run_address>
         <size>0x29</size>
         <input_file_ref idref="fl-2"/>
      </object_component>
      <object_component id="oc-ba">
         <name>.debug_abbrev</name>
         <load_address>0xaa</load_address>
         <run_address>0xaa</run_address>
         <size>0xa9</size>
         <input_file_ref idref="fl-2"/>
      </object_component>
      <object_component id="oc-bd">
         <name>.debug_abbrev</name>
         <load_address>0x153</load_address>
         <run_address>0x153</run_address>
         <size>0x60</size>
         <input_file_ref idref="fl-2"/>
      </object_component>
      <object_component id="oc-3b">
         <name>.debug_abbrev</name>
         <load_address>0x1b3</load_address>
         <run_address>0x1b3</run_address>
         <size>0x1f</size>
         <input_file_ref idref="fl-2"/>
      </object_component>
      <object_component id="oc-77">
         <name>.debug_abbrev</name>
         <load_address>0x1d2</load_address>
         <run_address>0x1d2</run_address>
         <size>0x8d</size>
         <input_file_ref idref="fl-4"/>
      </object_component>
      <object_component id="oc-78">
         <name>.debug_abbrev</name>
         <load_address>0x25f</load_address>
         <run_address>0x25f</run_address>
         <size>0x7c</size>
         <input_file_ref idref="fl-5"/>
      </object_component>
      <object_component id="oc-30">
         <name>.debug_abbrev</name>
         <load_address>0x2db</load_address>
         <run_address>0x2db</run_address>
         <size>0x29</size>
         <input_file_ref idref="fl-5"/>
      </object_component>
      <object_component id="oc-70">
         <name>.debug_abbrev</name>
         <load_address>0x304</load_address>
         <run_address>0x304</run_address>
         <size>0x79</size>
         <input_file_ref idref="fl-5"/>
      </object_component>
      <object_component id="oc-7c">
         <name>.debug_abbrev</name>
         <load_address>0x37d</load_address>
         <run_address>0x37d</run_address>
         <size>0x69</size>
         <input_file_ref idref="fl-5"/>
      </object_component>
      <object_component id="oc-c2">
         <name>.debug_abbrev</name>
         <load_address>0x3e6</load_address>
         <run_address>0x3e6</run_address>
         <size>0x5c</size>
         <input_file_ref idref="fl-5"/>
      </object_component>
      <object_component id="oc-81">
         <name>.debug_abbrev</name>
         <load_address>0x442</load_address>
         <run_address>0x442</run_address>
         <size>0x24</size>
         <input_file_ref idref="fl-5"/>
      </object_component>
      <object_component id="oc-d1">
         <name>.debug_abbrev</name>
         <load_address>0x466</load_address>
         <run_address>0x466</run_address>
         <size>0x5d</size>
         <input_file_ref idref="fl-c3"/>
      </object_component>
      <object_component id="oc-92">
         <name>.debug_abbrev</name>
         <load_address>0x4c3</load_address>
         <run_address>0x4c3</run_address>
         <size>0x6f</size>
         <input_file_ref idref="fl-c3"/>
      </object_component>
      <object_component id="oc-95">
         <name>.debug_abbrev</name>
         <load_address>0x532</load_address>
         <run_address>0x532</run_address>
         <size>0x24</size>
         <input_file_ref idref="fl-c3"/>
      </object_component>
      <object_component id="oc-ce">
         <name>.debug_abbrev</name>
         <load_address>0x556</load_address>
         <run_address>0x556</run_address>
         <size>0x24</size>
         <input_file_ref idref="fl-c3"/>
      </object_component>
      <object_component id="oc-90">
         <name>.debug_abbrev</name>
         <load_address>0x57a</load_address>
         <run_address>0x57a</run_address>
         <size>0x37</size>
         <input_file_ref idref="fl-c4"/>
      </object_component>
      <object_component id="oc-43">
         <name>.debug_abbrev</name>
         <load_address>0x5b1</load_address>
         <run_address>0x5b1</run_address>
         <size>0x74</size>
         <input_file_ref idref="fl-c4"/>
      </object_component>
      <object_component id="oc-46">
         <name>.debug_abbrev</name>
         <load_address>0x625</load_address>
         <run_address>0x625</run_address>
         <size>0x24</size>
         <input_file_ref idref="fl-c4"/>
      </object_component>
      <object_component id="oc-8d">
         <name>.debug_abbrev</name>
         <load_address>0x649</load_address>
         <run_address>0x649</run_address>
         <size>0x24</size>
         <input_file_ref idref="fl-c4"/>
      </object_component>
      <object_component id="oc-ca">
         <name>.debug_abbrev</name>
         <load_address>0x66d</load_address>
         <run_address>0x66d</run_address>
         <size>0x37</size>
         <input_file_ref idref="fl-c5"/>
      </object_component>
      <object_component id="oc-33">
         <name>.debug_abbrev</name>
         <load_address>0x6a4</load_address>
         <run_address>0x6a4</run_address>
         <size>0x6f</size>
         <input_file_ref idref="fl-c5"/>
      </object_component>
      <object_component id="oc-36">
         <name>.debug_abbrev</name>
         <load_address>0x713</load_address>
         <run_address>0x713</run_address>
         <size>0x24</size>
         <input_file_ref idref="fl-c5"/>
      </object_component>
      <object_component id="oc-c7">
         <name>.debug_abbrev</name>
         <load_address>0x737</load_address>
         <run_address>0x737</run_address>
         <size>0x35</size>
         <input_file_ref idref="fl-c5"/>
      </object_component>
      <object_component id="oc-86">
         <name>.debug_abbrev</name>
         <load_address>0x76c</load_address>
         <run_address>0x76c</run_address>
         <size>0x24</size>
         <input_file_ref idref="fl-c5"/>
      </object_component>
      <object_component id="oc-6e">
         <name>.debug_abbrev</name>
         <load_address>0x790</load_address>
         <run_address>0x790</run_address>
         <size>0x29</size>
         <input_file_ref idref="fl-c6"/>
      </object_component>
      <object_component id="oc-a8">
         <name>.debug_abbrev</name>
         <load_address>0x7b9</load_address>
         <run_address>0x7b9</run_address>
         <size>0x55</size>
         <input_file_ref idref="fl-c6"/>
      </object_component>
      <object_component id="oc-8a">
         <name>.debug_abbrev</name>
         <load_address>0x80e</load_address>
         <run_address>0x80e</run_address>
         <size>0x3e</size>
         <input_file_ref idref="fl-c7"/>
      </object_component>
      <object_component id="oc-147">
         <name>.debug_abbrev</name>
         <load_address>0x84c</load_address>
         <run_address>0x84c</run_address>
         <size>0xc0</size>
         <input_file_ref idref="fl-c9"/>
      </object_component>
      <object_component id="oc-123">
         <name>.debug_abbrev</name>
         <load_address>0x90c</load_address>
         <run_address>0x90c</run_address>
         <size>0x7e</size>
         <input_file_ref idref="fl-c9"/>
      </object_component>
      <object_component id="oc-14b">
         <name>.debug_abbrev</name>
         <load_address>0x98a</load_address>
         <run_address>0x98a</run_address>
         <size>0x24</size>
         <input_file_ref idref="fl-c9"/>
      </object_component>
      <object_component id="oc-15f">
         <name>.debug_abbrev</name>
         <load_address>0x9ae</load_address>
         <run_address>0x9ae</run_address>
         <size>0x24</size>
         <input_file_ref idref="fl-c9"/>
      </object_component>
      <object_component id="oc-150">
         <name>.debug_abbrev</name>
         <load_address>0x9d2</load_address>
         <run_address>0x9d2</run_address>
         <size>0x24</size>
         <input_file_ref idref="fl-c9"/>
      </object_component>
      <object_component id="oc-155">
         <name>.debug_abbrev</name>
         <load_address>0x9f6</load_address>
         <run_address>0x9f6</run_address>
         <size>0x4b</size>
         <input_file_ref idref="fl-c9"/>
      </object_component>
      <object_component id="oc-d4">
         <name>.debug_abbrev</name>
         <load_address>0xa41</load_address>
         <run_address>0xa41</run_address>
         <size>0x55</size>
         <input_file_ref idref="fl-ca"/>
      </object_component>
      <object_component id="oc-119">
         <name>.debug_abbrev</name>
         <load_address>0xa96</load_address>
         <run_address>0xa96</run_address>
         <size>0x45</size>
         <input_file_ref idref="fl-cc"/>
      </object_component>
      <object_component id="oc-196">
         <name>.debug_abbrev</name>
         <load_address>0xadb</load_address>
         <run_address>0xadb</run_address>
         <size>0xf</size>
      </object_component>
      <object_component id="oc-bf">
         <name>.debug_str</name>
         <load_address>0x0</load_address>
         <run_address>0x0</run_address>
         <size>0x1b3</size>
         <input_file_ref idref="fl-2"/>
      </object_component>
      <object_component id="oc-3d">
         <name>.debug_str</name>
         <load_address>0x1b3</load_address>
         <run_address>0x1b3</run_address>
         <size>0xfe</size>
         <input_file_ref idref="fl-2"/>
      </object_component>
      <object_component id="oc-7e">
         <name>.debug_str</name>
         <load_address>0x2b1</load_address>
         <run_address>0x2b1</run_address>
         <size>0x2ba</size>
         <input_file_ref idref="fl-5"/>
      </object_component>
      <object_component id="oc-c4">
         <name>.debug_str</name>
         <load_address>0x56b</load_address>
         <run_address>0x56b</run_address>
         <size>0x349</size>
         <input_file_ref idref="fl-5"/>
      </object_component>
      <object_component id="oc-83">
         <name>.debug_str</name>
         <load_address>0x8b4</load_address>
         <run_address>0x8b4</run_address>
         <size>0x152</size>
         <input_file_ref idref="fl-5"/>
      </object_component>
      <object_component id="oc-97">
         <name>.debug_str</name>
         <load_address>0xa06</load_address>
         <run_address>0xa06</run_address>
         <size>0x104</size>
         <input_file_ref idref="fl-c3"/>
      </object_component>
      <object_component id="oc-d0">
         <name>.debug_str</name>
         <load_address>0xb0a</load_address>
         <run_address>0xb0a</run_address>
         <size>0x13d</size>
         <input_file_ref idref="fl-c3"/>
      </object_component>
      <object_component id="oc-48">
         <name>.debug_str</name>
         <load_address>0xc47</load_address>
         <run_address>0xc47</run_address>
         <size>0x10a</size>
         <input_file_ref idref="fl-c4"/>
      </object_component>
      <object_component id="oc-8f">
         <name>.debug_str</name>
         <load_address>0xd51</load_address>
         <run_address>0xd51</run_address>
         <size>0x13d</size>
         <input_file_ref idref="fl-c4"/>
      </object_component>
      <object_component id="oc-38">
         <name>.debug_str</name>
         <load_address>0xe8e</load_address>
         <run_address>0xe8e</run_address>
         <size>0x117</size>
         <input_file_ref idref="fl-c5"/>
      </object_component>
      <object_component id="oc-c9">
         <name>.debug_str</name>
         <load_address>0xfa5</load_address>
         <run_address>0xfa5</run_address>
         <size>0x168</size>
         <input_file_ref idref="fl-c5"/>
      </object_component>
      <object_component id="oc-88">
         <name>.debug_str</name>
         <load_address>0x110d</load_address>
         <run_address>0x110d</run_address>
         <size>0x155</size>
         <input_file_ref idref="fl-c5"/>
      </object_component>
      <object_component id="oc-14d">
         <name>.debug_str</name>
         <load_address>0x1262</load_address>
         <run_address>0x1262</run_address>
         <size>0xec</size>
         <input_file_ref idref="fl-c9"/>
      </object_component>
      <object_component id="oc-161">
         <name>.debug_str</name>
         <load_address>0x134e</load_address>
         <run_address>0x134e</run_address>
         <size>0x154</size>
         <input_file_ref idref="fl-c9"/>
      </object_component>
      <object_component id="oc-152">
         <name>.debug_str</name>
         <load_address>0x14a2</load_address>
         <run_address>0x14a2</run_address>
         <size>0x14d</size>
         <input_file_ref idref="fl-c9"/>
      </object_component>
      <object_component id="oc-157">
         <name>.debug_str</name>
         <load_address>0x15ef</load_address>
         <run_address>0x15ef</run_address>
         <size>0x194</size>
         <input_file_ref idref="fl-c9"/>
      </object_component>
      <object_component id="oc-73">
         <name>.debug_aranges</name>
         <load_address>0x0</load_address>
         <run_address>0x0</run_address>
         <size>0x68</size>
         <input_file_ref idref="fl-2"/>
      </object_component>
      <object_component id="oc-2c">
         <name>.debug_aranges</name>
         <load_address>0x68</load_address>
         <run_address>0x68</run_address>
         <size>0x28</size>
         <input_file_ref idref="fl-4"/>
      </object_component>
      <object_component id="oc-26">
         <name>.debug_aranges</name>
         <load_address>0x90</load_address>
         <run_address>0x90</run_address>
         <size>0x38</size>
         <input_file_ref idref="fl-5"/>
      </object_component>
      <object_component id="oc-4c">
         <name>.debug_aranges</name>
         <load_address>0xc8</load_address>
         <run_address>0xc8</run_address>
         <size>0x20</size>
         <input_file_ref idref="fl-c3"/>
      </object_component>
      <object_component id="oc-1a">
         <name>.debug_aranges</name>
         <load_address>0xe8</load_address>
         <run_address>0xe8</run_address>
         <size>0x20</size>
         <input_file_ref idref="fl-c4"/>
      </object_component>
      <object_component id="oc-14">
         <name>.debug_aranges</name>
         <load_address>0x108</load_address>
         <run_address>0x108</run_address>
         <size>0x20</size>
         <input_file_ref idref="fl-c5"/>
      </object_component>
      <object_component id="oc-5e">
         <name>.debug_aranges</name>
         <load_address>0x128</load_address>
         <run_address>0x128</run_address>
         <size>0x20</size>
         <input_file_ref idref="fl-c6"/>
      </object_component>
      <object_component id="oc-40">
         <name>.debug_aranges</name>
         <load_address>0x148</load_address>
         <run_address>0x148</run_address>
         <size>0x20</size>
         <input_file_ref idref="fl-c7"/>
      </object_component>
      <object_component id="oc-e3">
         <name>.debug_aranges</name>
         <load_address>0x168</load_address>
         <run_address>0x168</run_address>
         <size>0x20</size>
         <input_file_ref idref="fl-c9"/>
      </object_component>
      <object_component id="oc-a1">
         <name>.debug_aranges</name>
         <load_address>0x188</load_address>
         <run_address>0x188</run_address>
         <size>0x20</size>
         <input_file_ref idref="fl-ca"/>
      </object_component>
      <object_component id="oc-d7">
         <name>.debug_aranges</name>
         <load_address>0x1a8</load_address>
         <run_address>0x1a8</run_address>
         <size>0x20</size>
         <input_file_ref idref="fl-cc"/>
      </object_component>
      <object_component id="oc-b3">
         <name>.debug_pubnames</name>
         <load_address>0x0</load_address>
         <run_address>0x0</run_address>
         <size>0x1a</size>
         <input_file_ref idref="fl-2"/>
      </object_component>
      <object_component id="oc-b6">
         <name>.debug_pubnames</name>
         <load_address>0x1a</load_address>
         <run_address>0x1a</run_address>
         <size>0x1f</size>
         <input_file_ref idref="fl-2"/>
      </object_component>
      <object_component id="oc-b9">
         <name>.debug_pubnames</name>
         <load_address>0x39</load_address>
         <run_address>0x39</run_address>
         <size>0x1f</size>
         <input_file_ref idref="fl-2"/>
      </object_component>
      <object_component id="oc-74">
         <name>.debug_pubnames</name>
         <load_address>0x58</load_address>
         <run_address>0x58</run_address>
         <size>0x107</size>
         <input_file_ref idref="fl-2"/>
      </object_component>
      <object_component id="oc-2d">
         <name>.debug_pubnames</name>
         <load_address>0x15f</load_address>
         <run_address>0x15f</run_address>
         <size>0x29</size>
         <input_file_ref idref="fl-4"/>
      </object_component>
      <object_component id="oc-11">
         <name>.debug_pubnames</name>
         <load_address>0x188</load_address>
         <run_address>0x188</run_address>
         <size>0x23</size>
         <input_file_ref idref="fl-5"/>
      </object_component>
      <object_component id="oc-27">
         <name>.debug_pubnames</name>
         <load_address>0x1ab</load_address>
         <run_address>0x1ab</run_address>
         <size>0x4c</size>
         <input_file_ref idref="fl-5"/>
      </object_component>
      <object_component id="oc-4d">
         <name>.debug_pubnames</name>
         <load_address>0x1f7</load_address>
         <run_address>0x1f7</run_address>
         <size>0x2e</size>
         <input_file_ref idref="fl-c3"/>
      </object_component>
      <object_component id="oc-1b">
         <name>.debug_pubnames</name>
         <load_address>0x225</load_address>
         <run_address>0x225</run_address>
         <size>0x2b</size>
         <input_file_ref idref="fl-c4"/>
      </object_component>
      <object_component id="oc-15">
         <name>.debug_pubnames</name>
         <load_address>0x250</load_address>
         <run_address>0x250</run_address>
         <size>0x2b</size>
         <input_file_ref idref="fl-c5"/>
      </object_component>
      <object_component id="oc-23">
         <name>.debug_pubnames</name>
         <load_address>0x27b</load_address>
         <run_address>0x27b</run_address>
         <size>0x1e</size>
         <input_file_ref idref="fl-c6"/>
      </object_component>
      <object_component id="oc-5f">
         <name>.debug_pubnames</name>
         <load_address>0x299</load_address>
         <run_address>0x299</run_address>
         <size>0x26</size>
         <input_file_ref idref="fl-c6"/>
      </object_component>
      <object_component id="oc-41">
         <name>.debug_pubnames</name>
         <load_address>0x2bf</load_address>
         <run_address>0x2bf</run_address>
         <size>0x1d</size>
         <input_file_ref idref="fl-c7"/>
      </object_component>
      <object_component id="oc-e4">
         <name>.debug_pubnames</name>
         <load_address>0x2dc</load_address>
         <run_address>0x2dc</run_address>
         <size>0x35</size>
         <input_file_ref idref="fl-c9"/>
      </object_component>
      <object_component id="oc-a2">
         <name>.debug_pubnames</name>
         <load_address>0x311</load_address>
         <run_address>0x311</run_address>
         <size>0x27</size>
         <input_file_ref idref="fl-ca"/>
      </object_component>
      <object_component id="oc-d8">
         <name>.debug_pubnames</name>
         <load_address>0x338</load_address>
         <run_address>0x338</run_address>
         <size>0x1c</size>
         <input_file_ref idref="fl-cc"/>
      </object_component>
      <object_component id="oc-bc">
         <name>.debug_pubtypes</name>
         <load_address>0x0</load_address>
         <run_address>0x0</run_address>
         <size>0x96</size>
         <input_file_ref idref="fl-2"/>
      </object_component>
      <object_component id="oc-3a">
         <name>.debug_pubtypes</name>
         <load_address>0x96</load_address>
         <run_address>0x96</run_address>
         <size>0xed</size>
         <input_file_ref idref="fl-2"/>
      </object_component>
      <object_component id="oc-7b">
         <name>.debug_pubtypes</name>
         <load_address>0x183</load_address>
         <run_address>0x183</run_address>
         <size>0x25c</size>
         <input_file_ref idref="fl-5"/>
      </object_component>
      <object_component id="oc-c1">
         <name>.debug_pubtypes</name>
         <load_address>0x3df</load_address>
         <run_address>0x3df</run_address>
         <size>0x325</size>
         <input_file_ref idref="fl-5"/>
      </object_component>
      <object_component id="oc-80">
         <name>.debug_pubtypes</name>
         <load_address>0x704</load_address>
         <run_address>0x704</run_address>
         <size>0xaa</size>
         <input_file_ref idref="fl-5"/>
      </object_component>
      <object_component id="oc-94">
         <name>.debug_pubtypes</name>
         <load_address>0x7ae</load_address>
         <run_address>0x7ae</run_address>
         <size>0x48</size>
         <input_file_ref idref="fl-c3"/>
      </object_component>
      <object_component id="oc-cd">
         <name>.debug_pubtypes</name>
         <load_address>0x7f6</load_address>
         <run_address>0x7f6</run_address>
         <size>0x1d</size>
         <input_file_ref idref="fl-c3"/>
      </object_component>
      <object_component id="oc-45">
         <name>.debug_pubtypes</name>
         <load_address>0x813</load_address>
         <run_address>0x813</run_address>
         <size>0x48</size>
         <input_file_ref idref="fl-c4"/>
      </object_component>
      <object_component id="oc-8c">
         <name>.debug_pubtypes</name>
         <load_address>0x85b</load_address>
         <run_address>0x85b</run_address>
         <size>0x1d</size>
         <input_file_ref idref="fl-c4"/>
      </object_component>
      <object_component id="oc-35">
         <name>.debug_pubtypes</name>
         <load_address>0x878</load_address>
         <run_address>0x878</run_address>
         <size>0x5d</size>
         <input_file_ref idref="fl-c5"/>
      </object_component>
      <object_component id="oc-c6">
         <name>.debug_pubtypes</name>
         <load_address>0x8d5</load_address>
         <run_address>0x8d5</run_address>
         <size>0x48</size>
         <input_file_ref idref="fl-c5"/>
      </object_component>
      <object_component id="oc-85">
         <name>.debug_pubtypes</name>
         <load_address>0x91d</load_address>
         <run_address>0x91d</run_address>
         <size>0x35</size>
         <input_file_ref idref="fl-c5"/>
      </object_component>
      <object_component id="oc-14a">
         <name>.debug_pubtypes</name>
         <load_address>0x952</load_address>
         <run_address>0x952</run_address>
         <size>0x32</size>
         <input_file_ref idref="fl-c9"/>
      </object_component>
      <object_component id="oc-15e">
         <name>.debug_pubtypes</name>
         <load_address>0x984</load_address>
         <run_address>0x984</run_address>
         <size>0x30</size>
         <input_file_ref idref="fl-c9"/>
      </object_component>
      <object_component id="oc-14f">
         <name>.debug_pubtypes</name>
         <load_address>0x9b4</load_address>
         <run_address>0x9b4</run_address>
         <size>0x2c</size>
         <input_file_ref idref="fl-c9"/>
      </object_component>
      <object_component id="oc-154">
         <name>.debug_pubtypes</name>
         <load_address>0x9e0</load_address>
         <run_address>0x9e0</run_address>
         <size>0x50</size>
         <input_file_ref idref="fl-c9"/>
      </object_component>
   </object_component_list>
   <logical_group_list>
      <logical_group id="lg-3" display="no" color="cyan">
         <name>.intvecs</name>
         <load_address>0x0</load_address>
         <run_address>0x0</run_address>
         <size>0x26c</size>
         <contents>
            <object_component_ref idref="oc-f"/>
         </contents>
      </logical_group>
      <logical_group id="lg-4" display="no" color="cyan">
         <name>.text</name>
         <load_address>0x26c</load_address>
         <run_address>0x26c</run_address>
         <size>0x66e</size>
         <contents>
            <object_component_ref idref="oc-71"/>
            <object_component_ref idref="oc-2a"/>
            <object_component_ref idref="oc-3e"/>
            <object_component_ref idref="oc-12"/>
            <object_component_ref idref="oc-e1"/>
            <object_component_ref idref="oc-5c"/>
            <object_component_ref idref="oc-4a"/>
            <object_component_ref idref="oc-18"/>
            <object_component_ref idref="oc-24"/>
            <object_component_ref idref="oc-9f"/>
            <object_component_ref idref="oc-d5"/>
         </contents>
      </logical_group>
      <logical_group id="lg-5" display="no" color="cyan">
         <name>.const</name>
         <run_address>0x0</run_address>
         <size>0x0</size>
         <contents>
         </contents>
      </logical_group>
      <logical_group id="lg-6" display="no" color="cyan">
         <name>.cinit</name>
         <load_address>0x8e0</load_address>
         <run_address>0x8e0</run_address>
         <size>0x50</size>
         <contents>
            <object_component_ref idref="oc-192"/>
            <object_component_ref idref="oc-190"/>
            <object_component_ref idref="oc-193"/>
            <object_component_ref idref="oc-191"/>
         </contents>
      </logical_group>
      <logical_group id="lg-7" display="no" color="cyan">
         <name>.pinit</name>
         <run_address>0x0</run_address>
         <size>0x0</size>
         <contents>
         </contents>
      </logical_group>
      <logical_group id="lg-8" display="no" color="cyan">
         <name>.init_array</name>
         <run_address>0x0</run_address>
         <size>0x0</size>
         <contents>
         </contents>
      </logical_group>
      <logical_group id="lg-9" display="no" color="cyan">
         <name>.vtable</name>
         <run_address>0x0</run_address>
         <size>0x0</size>
         <contents>
         </contents>
      </logical_group>
      <logical_group id="lg-a" display="no" color="cyan">
         <name>.data</name>
         <run_address>0x20000200</run_address>
         <size>0x30</size>
         <contents>
            <object_component_ref idref="oc-b4"/>
            <object_component_ref idref="oc-b7"/>
         </contents>
      </logical_group>
      <logical_group id="lg-b" display="no" color="cyan">
         <name>.bss</name>
         <run_address>0x20000230</run_address>
         <size>0x4</size>
         <contents>
            <object_component_ref idref="oc-b1"/>
         </contents>
      </logical_group>
      <logical_group id="lg-c" display="no" color="cyan">
         <name>.sysmem</name>
         <run_address>0x0</run_address>
         <size>0x0</size>
         <contents>
         </contents>
      </logical_group>
      <logical_group id="lg-d" display="no" color="cyan">
         <name>.stack</name>
         <run_address>0x20000000</run_address>
         <size>0x200</size>
         <contents>
            <object_component_ref idref="oc-21"/>
            <object_component_ref idref="oc-194"/>
         </contents>
      </logical_group>
      <logical_group id="lg-169" display="no" color="cyan">
         <name>.TI.noinit</name>
         <run_address>0x0</run_address>
         <size>0x0</size>
         <contents>
         </contents>
      </logical_group>
      <logical_group id="lg-16a" display="no" color="cyan">
         <name>.TI.persistent</name>
         <run_address>0x0</run_address>
         <size>0x0</size>
         <contents>
         </contents>
      </logical_group>
      <logical_group id="lg-178" display="never" color="cyan">
         <name>.debug_info</name>
         <load_address>0x0</load_address>
         <run_address>0x0</run_address>
         <size>0x3cd7</size>
         <contents>
            <object_component_ref idref="oc-b2"/>
            <object_component_ref idref="oc-b5"/>
            <object_component_ref idref="oc-b8"/>
            <object_component_ref idref="oc-72"/>
            <object_component_ref idref="oc-bb"/>
            <object_component_ref idref="oc-39"/>
            <object_component_ref idref="oc-2b"/>
            <object_component_ref idref="oc-32"/>
            <object_component_ref idref="oc-10"/>
            <object_component_ref idref="oc-25"/>
            <object_component_ref idref="oc-7a"/>
            <object_component_ref idref="oc-c0"/>
            <object_component_ref idref="oc-7f"/>
            <object_component_ref idref="oc-98"/>
            <object_component_ref idref="oc-4b"/>
            <object_component_ref idref="oc-93"/>
            <object_component_ref idref="oc-cc"/>
            <object_component_ref idref="oc-49"/>
            <object_component_ref idref="oc-19"/>
            <object_component_ref idref="oc-44"/>
            <object_component_ref idref="oc-8b"/>
            <object_component_ref idref="oc-89"/>
            <object_component_ref idref="oc-13"/>
            <object_component_ref idref="oc-34"/>
            <object_component_ref idref="oc-c5"/>
            <object_component_ref idref="oc-84"/>
            <object_component_ref idref="oc-22"/>
            <object_component_ref idref="oc-5d"/>
            <object_component_ref idref="oc-3f"/>
            <object_component_ref idref="oc-124"/>
            <object_component_ref idref="oc-e2"/>
            <object_component_ref idref="oc-149"/>
            <object_component_ref idref="oc-15d"/>
            <object_component_ref idref="oc-14e"/>
            <object_component_ref idref="oc-153"/>
            <object_component_ref idref="oc-a0"/>
            <object_component_ref idref="oc-d6"/>
            <object_component_ref idref="oc-195"/>
         </contents>
      </logical_group>
      <logical_group id="lg-17a" display="never" color="cyan">
         <name>.debug_line</name>
         <load_address>0x0</load_address>
         <run_address>0x0</run_address>
         <size>0xef5</size>
         <contents>
            <object_component_ref idref="oc-114"/>
            <object_component_ref idref="oc-116"/>
            <object_component_ref idref="oc-118"/>
            <object_component_ref idref="oc-75"/>
            <object_component_ref idref="oc-be"/>
            <object_component_ref idref="oc-3c"/>
            <object_component_ref idref="oc-2e"/>
            <object_component_ref idref="oc-79"/>
            <object_component_ref idref="oc-31"/>
            <object_component_ref idref="oc-28"/>
            <object_component_ref idref="oc-7d"/>
            <object_component_ref idref="oc-c3"/>
            <object_component_ref idref="oc-82"/>
            <object_component_ref idref="oc-d2"/>
            <object_component_ref idref="oc-4e"/>
            <object_component_ref idref="oc-96"/>
            <object_component_ref idref="oc-cf"/>
            <object_component_ref idref="oc-91"/>
            <object_component_ref idref="oc-1c"/>
            <object_component_ref idref="oc-47"/>
            <object_component_ref idref="oc-8e"/>
            <object_component_ref idref="oc-cb"/>
            <object_component_ref idref="oc-16"/>
            <object_component_ref idref="oc-37"/>
            <object_component_ref idref="oc-c8"/>
            <object_component_ref idref="oc-87"/>
            <object_component_ref idref="oc-6f"/>
            <object_component_ref idref="oc-60"/>
            <object_component_ref idref="oc-42"/>
            <object_component_ref idref="oc-148"/>
            <object_component_ref idref="oc-e5"/>
            <object_component_ref idref="oc-14c"/>
            <object_component_ref idref="oc-160"/>
            <object_component_ref idref="oc-151"/>
            <object_component_ref idref="oc-156"/>
            <object_component_ref idref="oc-a3"/>
            <object_component_ref idref="oc-da"/>
         </contents>
      </logical_group>
      <logical_group id="lg-17c" display="never" color="cyan">
         <name>.debug_frame</name>
         <load_address>0x0</load_address>
         <run_address>0x0</run_address>
         <size>0x4d4</size>
         <contents>
            <object_component_ref idref="oc-76"/>
            <object_component_ref idref="oc-2f"/>
            <object_component_ref idref="oc-29"/>
            <object_component_ref idref="oc-4f"/>
            <object_component_ref idref="oc-1d"/>
            <object_component_ref idref="oc-17"/>
            <object_component_ref idref="oc-61"/>
            <object_component_ref idref="oc-e6"/>
            <object_component_ref idref="oc-a4"/>
            <object_component_ref idref="oc-d9"/>
         </contents>
      </logical_group>
      <logical_group id="lg-17e" display="never" color="cyan">
         <name>.debug_abbrev</name>
         <load_address>0x0</load_address>
         <run_address>0x0</run_address>
         <size>0xaea</size>
         <contents>
            <object_component_ref idref="oc-113"/>
            <object_component_ref idref="oc-115"/>
            <object_component_ref idref="oc-117"/>
            <object_component_ref idref="oc-ba"/>
            <object_component_ref idref="oc-bd"/>
            <object_component_ref idref="oc-3b"/>
            <object_component_ref idref="oc-77"/>
            <object_component_ref idref="oc-78"/>
            <object_component_ref idref="oc-30"/>
            <object_component_ref idref="oc-70"/>
            <object_component_ref idref="oc-7c"/>
            <object_component_ref idref="oc-c2"/>
            <object_component_ref idref="oc-81"/>
            <object_component_ref idref="oc-d1"/>
            <object_component_ref idref="oc-92"/>
            <object_component_ref idref="oc-95"/>
            <object_component_ref idref="oc-ce"/>
            <object_component_ref idref="oc-90"/>
            <object_component_ref idref="oc-43"/>
            <object_component_ref idref="oc-46"/>
            <object_component_ref idref="oc-8d"/>
            <object_component_ref idref="oc-ca"/>
            <object_component_ref idref="oc-33"/>
            <object_component_ref idref="oc-36"/>
            <object_component_ref idref="oc-c7"/>
            <object_component_ref idref="oc-86"/>
            <object_component_ref idref="oc-6e"/>
            <object_component_ref idref="oc-a8"/>
            <object_component_ref idref="oc-8a"/>
            <object_component_ref idref="oc-147"/>
            <object_component_ref idref="oc-123"/>
            <object_component_ref idref="oc-14b"/>
            <object_component_ref idref="oc-15f"/>
            <object_component_ref idref="oc-150"/>
            <object_component_ref idref="oc-155"/>
            <object_component_ref idref="oc-d4"/>
            <object_component_ref idref="oc-119"/>
            <object_component_ref idref="oc-196"/>
         </contents>
      </logical_group>
      <logical_group id="lg-180" display="never" color="cyan">
         <name>.debug_str</name>
         <load_address>0x0</load_address>
         <run_address>0x0</run_address>
         <size>0x1783</size>
         <contents>
            <object_component_ref idref="oc-bf"/>
            <object_component_ref idref="oc-3d"/>
            <object_component_ref idref="oc-7e"/>
            <object_component_ref idref="oc-c4"/>
            <object_component_ref idref="oc-83"/>
            <object_component_ref idref="oc-97"/>
            <object_component_ref idref="oc-d0"/>
            <object_component_ref idref="oc-48"/>
            <object_component_ref idref="oc-8f"/>
            <object_component_ref idref="oc-38"/>
            <object_component_ref idref="oc-c9"/>
            <object_component_ref idref="oc-88"/>
            <object_component_ref idref="oc-14d"/>
            <object_component_ref idref="oc-161"/>
            <object_component_ref idref="oc-152"/>
            <object_component_ref idref="oc-157"/>
         </contents>
      </logical_group>
      <logical_group id="lg-182" display="never" color="cyan">
         <name>.debug_aranges</name>
         <load_address>0x0</load_address>
         <run_address>0x0</run_address>
         <size>0x1c8</size>
         <contents>
            <object_component_ref idref="oc-73"/>
            <object_component_ref idref="oc-2c"/>
            <object_component_ref idref="oc-26"/>
            <object_component_ref idref="oc-4c"/>
            <object_component_ref idref="oc-1a"/>
            <object_component_ref idref="oc-14"/>
            <object_component_ref idref="oc-5e"/>
            <object_component_ref idref="oc-40"/>
            <object_component_ref idref="oc-e3"/>
            <object_component_ref idref="oc-a1"/>
            <object_component_ref idref="oc-d7"/>
         </contents>
      </logical_group>
      <logical_group id="lg-184" display="never" color="cyan">
         <name>.debug_pubnames</name>
         <load_address>0x0</load_address>
         <run_address>0x0</run_address>
         <size>0x354</size>
         <contents>
            <object_component_ref idref="oc-b3"/>
            <object_component_ref idref="oc-b6"/>
            <object_component_ref idref="oc-b9"/>
            <object_component_ref idref="oc-74"/>
            <object_component_ref idref="oc-2d"/>
            <object_component_ref idref="oc-11"/>
            <object_component_ref idref="oc-27"/>
            <object_component_ref idref="oc-4d"/>
            <object_component_ref idref="oc-1b"/>
            <object_component_ref idref="oc-15"/>
            <object_component_ref idref="oc-23"/>
            <object_component_ref idref="oc-5f"/>
            <object_component_ref idref="oc-41"/>
            <object_component_ref idref="oc-e4"/>
            <object_component_ref idref="oc-a2"/>
            <object_component_ref idref="oc-d8"/>
         </contents>
      </logical_group>
      <logical_group id="lg-186" display="never" color="cyan">
         <name>.debug_pubtypes</name>
         <load_address>0x0</load_address>
         <run_address>0x0</run_address>
         <size>0xa30</size>
         <contents>
            <object_component_ref idref="oc-bc"/>
            <object_component_ref idref="oc-3a"/>
            <object_component_ref idref="oc-7b"/>
            <object_component_ref idref="oc-c1"/>
            <object_component_ref idref="oc-80"/>
            <object_component_ref idref="oc-94"/>
            <object_component_ref idref="oc-cd"/>
            <object_component_ref idref="oc-45"/>
            <object_component_ref idref="oc-8c"/>
            <object_component_ref idref="oc-35"/>
            <object_component_ref idref="oc-c6"/>
            <object_component_ref idref="oc-85"/>
            <object_component_ref idref="oc-14a"/>
            <object_component_ref idref="oc-15e"/>
            <object_component_ref idref="oc-14f"/>
            <object_component_ref idref="oc-154"/>
         </contents>
      </logical_group>
      <load_segment id="lg-198" display="no" color="cyan">
         <name>SEGMENT_0</name>
         <load_address>0x0</load_address>
         <run_address>0x0</run_address>
         <size>0x930</size>
         <flags>0x5</flags>
         <contents>
            <logical_group_ref idref="lg-3"/>
            <logical_group_ref idref="lg-4"/>
            <logical_group_ref idref="lg-6"/>
         </contents>
      </load_segment>
      <load_segment id="lg-199" display="no" color="cyan">
         <name>SEGMENT_1</name>
         <run_address>0x20000000</run_address>
         <size>0x234</size>
         <flags>0x6</flags>
         <contents>
            <logical_group_ref idref="lg-d"/>
            <logical_group_ref idref="lg-a"/>
            <logical_group_ref idref="lg-b"/>
         </contents>
      </load_segment>
   </logical_group_list>
   <placement_map>
      <memory_area display="yes" color="green">
         <name>FLASH</name>
         <page_id>0x0</page_id>
         <origin>0x0</origin>
         <length>0x40000</length>
         <used_space>0x92a</used_space>
         <unused_space>0x3f6d6</unused_space>
         <attributes>RX</attributes>
         <usage_details>
            <allocated_space>
               <start_address>0x0</start_address>
               <size>0x26c</size>
               <logical_group_ref idref="lg-3"/>
            </allocated_space>
            <allocated_space>
               <start_address>0x26c</start_address>
               <size>0x66e</size>
               <logical_group_ref idref="lg-4"/>
            </allocated_space>
            <available_space>
               <start_address>0x8da</start_address>
               <size>0x6</size>
            </available_space>
            <allocated_space>
               <start_address>0x8e0</start_address>
               <size>0x50</size>
               <logical_group_ref idref="lg-6"/>
            </allocated_space>
            <available_space>
               <start_address>0x930</start_address>
               <size>0x3f6d0</size>
            </available_space>
         </usage_details>
      </memory_area>
      <memory_area display="yes" color="green">
         <name>SRAM</name>
         <page_id>0x0</page_id>
         <origin>0x20000000</origin>
         <length>0x8000</length>
         <used_space>0x234</used_space>
         <unused_space>0x7dcc</unused_space>
         <attributes>RWX</attributes>
         <usage_details>
            <allocated_space>
               <start_address>0x20000000</start_address>
               <size>0x200</size>
               <logical_group_ref idref="lg-d"/>
            </allocated_space>
            <allocated_space>
               <start_address>0x20000200</start_address>
               <size>0x30</size>
               <logical_group_ref idref="lg-a"/>
            </allocated_space>
            <allocated_space>
               <start_address>0x20000230</start_address>
               <size>0x4</size>
               <logical_group_ref idref="lg-b"/>
            </allocated_space>
            <available_space>
               <start_address>0x20000234</start_address>
               <size>0x7dcc</size>
            </available_space>
         </usage_details>
      </memory_area>
   </placement_map>
   <cptbl_list>
      <cptbl>
         <name>__TI_cinit_table</name>
         <cprec>
            <name>.data</name>
            <load_address>0x8e0</load_address>
            <load_size>0x2b</load_size>
            <run_address>0x20000200</run_address>
            <run_size>0x30</run_size>
            <compression>lzss</compression>
         </cprec>
         <cprec>
            <name>.bss</name>
            <load_address>0x918</load_address>
            <load_size>0x8</load_size>
            <run_address>0x20000230</run_address>
            <run_size>0x4</run_size>
            <compression>zero_init</compression>
         </cprec>
      </cptbl>
   </cptbl_list>
   <handler_table>
      <handler_table_name>__TI_handler_table</handler_table_name>
      <handler>
         <index>0x0</index>
         <name>__TI_decompress_lzss</name>
      </handler>
      <handler>
         <index>0x1</index>
         <name>__TI_decompress_none</name>
      </handler>
      <handler>
         <index>0x2</index>
         <name>__TI_zero_init</name>
      </handler>
   </handler_table>
   <symbol_table>
      <symbol id="sm-1">
         <name>__STACK_TOP</name>
         <value>0x20000200</value>
      </symbol>
      <symbol id="sm-2">
         <name>__TI_CINIT_Base</name>
         <value>0x920</value>
      </symbol>
      <symbol id="sm-3">
         <name>__TI_CINIT_Limit</name>
         <value>0x930</value>
      </symbol>
      <symbol id="sm-4">
         <name>__TI_Handler_Table_Base</name>
         <value>0x90c</value>
      </symbol>
      <symbol id="sm-5">
         <name>__TI_Handler_Table_Limit</name>
         <value>0x918</value>
      </symbol>
      <symbol id="sm-6">
         <name>binit</name>
         <value>0xffffffff</value>
      </symbol>
      <symbol id="sm-7">
         <name>__binit__</name>
         <value>0xffffffff</value>
      </symbol>
      <symbol id="sm-8">
         <name>__STACK_SIZE</name>
         <value>0x200</value>
      </symbol>
      <symbol id="sm-9">
         <name>__STACK_END</name>
         <value>0x20000200</value>
      </symbol>
      <symbol id="sm-a">
         <name>__c_args__</name>
         <value>0xffffffff</value>
      </symbol>
      <symbol id="sm-b">
         <name>__TI_pprof_out_hndl</name>
         <value>0xffffffff</value>
      </symbol>
      <symbol id="sm-c">
         <name>__TI_prof_data_start</name>
         <value>0xffffffff</value>
      </symbol>
      <symbol id="sm-d">
         <name>__TI_prof_data_size</name>
         <value>0xffffffff</value>
      </symbol>
      <symbol id="sm-59">
         <name>bus</name>
         <value>0x20000230</value>
      </symbol>
      <symbol id="sm-5a">
         <name>GPIO_voidInitializeDigitalPin</name>
         <value>0x445</value>
         <object_component_ref idref="oc-71"/>
      </symbol>
      <symbol id="sm-5b">
         <name>GPIO_voidPadSet</name>
         <value>0x2ef</value>
         <object_component_ref idref="oc-71"/>
      </symbol>
      <symbol id="sm-5c">
         <name>GPIO_voidSetPin</name>
         <value>0x3d3</value>
         <object_component_ref idref="oc-71"/>
      </symbol>
      <symbol id="sm-5d">
         <name>GPIO_voidSetBus</name>
         <value>0x26d</value>
         <object_component_ref idref="oc-71"/>
      </symbol>
      <symbol id="sm-5e">
         <name>PORT_AHB</name>
         <value>0x20000200</value>
         <object_component_ref idref="oc-b7"/>
      </symbol>
      <symbol id="sm-5f">
         <name>GPIO_voidSetMODE</name>
         <value>0x585</value>
         <object_component_ref idref="oc-71"/>
      </symbol>
      <symbol id="sm-60">
         <name>PORT_APB</name>
         <value>0x20000218</value>
         <object_component_ref idref="oc-b4"/>
      </symbol>
      <symbol id="sm-61">
         <name>GPIO_u8ReadPin</name>
         <value>0x4f5</value>
         <object_component_ref idref="oc-71"/>
      </symbol>
      <symbol id="sm-62">
         <name>GPIO_voidSetPinDir</name>
         <value>0x293</value>
         <object_component_ref idref="oc-71"/>
      </symbol>
      <symbol id="sm-63">
         <name>GPIO_voidEnableDigitalFunction</name>
         <value>0x349</value>
         <object_component_ref idref="oc-71"/>
      </symbol>
      <symbol id="sm-64">
         <name>GPIO_voidConnectClock</name>
         <value>0x429</value>
         <object_component_ref idref="oc-71"/>
      </symbol>
      <symbol id="sm-65">
         <name>GPIO_voidSetPULL_UP_DN</name>
         <value>0x537</value>
         <object_component_ref idref="oc-71"/>
      </symbol>
      <symbol id="sm-7b">
         <name>Blink_LED</name>
         <value>0x6e3</value>
         <object_component_ref idref="oc-2a"/>
      </symbol>
      <symbol id="sm-7c">
         <name>main</name>
         <value>0x609</value>
         <object_component_ref idref="oc-2a"/>
      </symbol>
      <symbol id="sm-a7">
         <name>ResetISR</name>
         <value>0x8c7</value>
         <object_component_ref idref="oc-24"/>
      </symbol>
      <symbol id="sm-a8">
         <name>g_pfnVectors</name>
         <value>0x0</value>
         <object_component_ref idref="oc-f"/>
      </symbol>
      <symbol id="sm-c5">
         <name>__TI_zero_init_nomemset</name>
         <value>0x89d</value>
         <object_component_ref idref="oc-4a"/>
      </symbol>
      <symbol id="sm-dc">
         <name>__TI_decompress_none</name>
         <value>0x8b9</value>
         <object_component_ref idref="oc-18"/>
      </symbol>
      <symbol id="sm-ff">
         <name>__TI_decompress_lzss</name>
         <value>0x7bd</value>
         <object_component_ref idref="oc-12"/>
      </symbol>
      <symbol id="sm-112">
         <name>__stack</name>
         <value>0x20000000</value>
         <object_component_ref idref="oc-21"/>
      </symbol>
      <symbol id="sm-113">
         <name>_c_int00_noargs</name>
         <value>0x869</value>
         <object_component_ref idref="oc-5c"/>
      </symbol>
      <symbol id="sm-12e">
         <name>memcpy</name>
         <value>0x721</value>
         <object_component_ref idref="oc-3e"/>
      </symbol>
      <symbol id="sm-12f">
         <name>__aeabi_memcpy</name>
         <value>0x721</value>
         <object_component_ref idref="oc-3e"/>
      </symbol>
      <symbol id="sm-130">
         <name>__aeabi_memcpy8</name>
         <value>0x721</value>
         <object_component_ref idref="oc-3e"/>
      </symbol>
      <symbol id="sm-131">
         <name>__aeabi_memcpy4</name>
         <value>0x721</value>
         <object_component_ref idref="oc-3e"/>
      </symbol>
      <symbol id="sm-15a">
         <name>__TI_auto_init_nobinit_nopinit</name>
         <value>0x825</value>
         <object_component_ref idref="oc-e1"/>
      </symbol>
      <symbol id="sm-164">
         <name>_system_pre_init</name>
         <value>0x8d3</value>
         <object_component_ref idref="oc-9f"/>
      </symbol>
      <symbol id="sm-170">
         <name>C$$EXIT</name>
         <value>0x8d7</value>
         <object_component_ref idref="oc-d5"/>
      </symbol>
      <symbol id="sm-171">
         <name>abort</name>
         <value>0x8d7</value>
         <object_component_ref idref="oc-d5"/>
      </symbol>
      <symbol id="sm-174">
         <name>__TI_static_base__</name>
         <value>0x0</value>
      </symbol>
      <symbol id="sm-177">
         <name>__mpu_init</name>
         <value>0x0</value>
      </symbol>
      <symbol id="sm-178">
         <name>_system_post_cinit</name>
         <value>0x0</value>
      </symbol>
   </symbol_table>
   <title>Link successful</title>
</link_info>
